<application>
  <component name="CPPToolchains" version="9">
    <toolchains detectedVersion="5">
      <toolchain name="local+cmake+ninja" toolSetKind="MINGW" toolSetPath="BUNDLED_MINGW" customCMakePath="C:\devtools\CMake\bin\cmake.exe" customMakePath="C:\devtools\bin\ninja.exe" customCCompilerPath="C:\devtools\LLVM\bin\clang.exe" customCXXCompilerPath="C:\devtools\LLVM\bin\clang++.exe" debuggerKind="BUNDLED_GDB" />
      <toolchain name="cppdev" toolSetKind="DOCKER" customCMakePath="\usr\bin\cmake" debuggerKind="CUSTOM_GDB" customGDBPath="\usr\bin\gdb">
        <CIDR_DOCKER_CREDENTIALS DOCKER_ACCOUNT_NAME="Docker" DOCKER_IMAGE_NAME="dev:v0.1">
          <CIDR_DOCKER_CONTAINER_SETTINGS>
            <option name="envVars">
              <list />
            </option>
            <option name="extraHosts">
              <list />
            </option>
            <option name="links">
              <list />
            </option>
            <option name="networkDisabled" value="false" />
            <option name="networkMode" value="bridge" />
            <option name="portBindings">
              <list />
            </option>
            <option name="publishAllPorts" value="false" />
            <option name="runCliOptions" value="--entrypoint= --rm" />
            <option name="version" value="2" />
            <option name="volumeBindings">
              <list />
            </option>
          </CIDR_DOCKER_CONTAINER_SETTINGS>
        </CIDR_DOCKER_CREDENTIALS>
      </toolchain>
    </toolchains>
  </component>
</application>