<keymap version="1" name="Windows copy" parent="$default">
  <action id="ActivateBookmarksToolWindow" />
  <action id="ActivateRemoteHostToolWindow">
    <keyboard-shortcut first-keystroke="shift alt 1" />
  </action>
  <action id="ActivateTerminalToolWindow">
    <keyboard-shortcut first-keystroke="alt f12" />
    <keyboard-shortcut first-keystroke="alt 2" />
  </action>
  <action id="CIDR.Lang.ObjC.IntroduceIvar" />
  <action id="ClickLink">
    <mouse-shortcut keystroke="control button1" />
    <mouse-shortcut keystroke="button2" />
  </action>
  <action id="CloseContent">
    <keyboard-shortcut first-keystroke="ctrl w" />
    <keyboard-shortcut first-keystroke="ctrl alt w" />
  </action>
  <action id="CollapseAllRegions">
    <keyboard-shortcut first-keystroke="shift ctrl subtract" />
    <keyboard-shortcut first-keystroke="shift ctrl minus" />
    <keyboard-shortcut first-keystroke="ctrl alt open_bracket" />
  </action>
  <action id="CollapseRegion">
    <keyboard-shortcut first-keystroke="ctrl subtract" />
    <keyboard-shortcut first-keystroke="ctrl minus" />
    <keyboard-shortcut first-keystroke="ctrl close_bracket" />
  </action>
  <action id="Console.TableResult.EditFilterCriteria" />
  <action id="Console.TableResult.GotoReferencingResult">
    <mouse-shortcut keystroke="control button1" />
    <mouse-shortcut keystroke="button2" />
  </action>
  <action id="Console.TableResult.NavigateForeignAction">
    <mouse-shortcut keystroke="control button1" />
    <mouse-shortcut keystroke="button2" />
  </action>
  <action id="DatabaseView.FullTextSearch" />
  <action id="DuplicatesForm.SendToLeft" />
  <action id="EditorCodeBlockEnd" />
  <action id="EditorCodeBlockStart" />
  <action id="EditorJoinLines" />
  <action id="EditorSelectWord" />
  <action id="ExpandAllRegions">
    <keyboard-shortcut first-keystroke="shift ctrl add" />
    <keyboard-shortcut first-keystroke="shift ctrl equals" />
    <keyboard-shortcut first-keystroke="ctrl alt close_bracket" />
  </action>
  <action id="ExpandRegion">
    <keyboard-shortcut first-keystroke="ctrl add" />
    <keyboard-shortcut first-keystroke="ctrl equals" />
    <keyboard-shortcut first-keystroke="ctrl open_bracket" />
  </action>
  <action id="ExportToTextFile" />
  <action id="FileChooser.GotoHome" />
  <action id="GotoBookmark1" />
  <action id="GotoDeclaration">
    <mouse-shortcut keystroke="control button1" />
    <mouse-shortcut keystroke="button2" />
  </action>
  <action id="GotoNextBookmark">
    <keyboard-shortcut first-keystroke="shift ctrl k" />
  </action>
  <action id="GotoPreviousBookmark">
    <keyboard-shortcut first-keystroke="shift ctrl j" />
  </action>
  <action id="GotoSymbol">
    <keyboard-shortcut first-keystroke="shift ctrl alt n" />
    <keyboard-shortcut first-keystroke="alt o" />
  </action>
  <action id="Images.Thumbnails.Hide">
    <keyboard-shortcut first-keystroke="ctrl f4" />
    <keyboard-shortcut first-keystroke="ctrl w" />
    <keyboard-shortcut first-keystroke="alt w" />
  </action>
  <action id="IntroduceField" />
  <action id="Jdbc.OpenEditor.DDL">
    <mouse-shortcut keystroke="control button1" />
    <mouse-shortcut keystroke="button2" />
  </action>
  <action id="NextProjectWindow" />
  <action id="PreviousProjectWindow" />
  <action id="ReformatCode">
    <keyboard-shortcut first-keystroke="ctrl alt f" />
    <keyboard-shortcut first-keystroke="ctrl alt l" />
  </action>
  <action id="ShowFilterPopup" />
  <action id="ShowReformatFileDialog">
    <keyboard-shortcut first-keystroke="shift ctrl alt f" />
  </action>
  <action id="SmartSelect" />
  <action id="TableResult.GrowSelection" />
  <action id="TableResult.SelectColumn" />
  <action id="Terminal.DeletePreviousWord" />
  <action id="ToggleBookmark">
    <keyboard-shortcut first-keystroke="f11" />
    <keyboard-shortcut first-keystroke="ctrl b" />
  </action>
  <action id="UsageFiltering.WriteAccess" />
  <action id="UsageGrouping.FileStructure" />
  <action id="Vcs.Push" />
  <action id="org.intellij.plugins.markdown.ui.actions.styling.ToggleBoldAction" />
  <action id="tasks.close" />
</keymap>